{
  "B": {
    "precision": 0.9473684210526315,
    "recall": 1.0,
    "f1-score": 0.972972972972973,
    "support": 72.0
  },
  "M": {
    "precision": 1.0,
    "recall": 0.9047619047619048,
    "f1-score": 0.9500000000000001,
    "support": 42.0
  },
  "accuracy": 0.9649122807017544,
  "macro avg": {
    "precision": 0.9736842105263157,
    "recall": 0.9523809523809523,
    "f1-score": 0.9614864864864865,
    "support": 114.0
  },
  "weighted avg": {
    "precision": 0.966759002770083,
    "recall": 0.9649122807017544,
    "f1-score": 0.9645092460881936,
    "support": 114.0
  }
}