{
  "B": {
    "precision": 0.96,
    "recall": 1.0,
    "f1-score": 0.9795918367346939,
    "support": 72.0
  },
  "M": {
    "precision": 1.0,
    "recall": 0.9285714285714286,
    "f1-score": 0.962962962962963,
    "support": 42.0
  },
  "accuracy": 0.9736842105263158,
  "macro avg": {
    "precision": 0.98,
    "recall": 0.9642857142857143,
    "f1-score": 0.9712773998488284,
    "support": 114.0
  },
  "weighted avg": {
    "precision": 0.9747368421052632,
    "recall": 0.9736842105263158,
    "f1-score": 0.9734654095556352,
    "support": 114.0
  }
}